<?xml version="1.0" encoding="UTF-8"?>
<project-private xmlns="http://www.netbeans.org/ns/project-private/1">
    <editor-bookmarks xmlns="http://www.netbeans.org/ns/editor-bookmarks/2" lastBookmarkId="0"/>
    <open-files xmlns="http://www.netbeans.org/ns/projectui-open-files/2">
        <group>
            <file>file:/Users/rickycantu/Desktop/CS3300Project/NetBeansProject/ScholarshipAward%20System/src/Administrator.java</file>
            <file>file:/Users/rickycantu/Desktop/CS3300Project/NetBeansProject/ScholarshipAward%20System/src/Scholarship.java</file>
            <file>file:/Users/rickycantu/Desktop/CS3300Project/NetBeansProject/ScholarshipAward%20System/src/ViewAwardWindow.java</file>
            <file>file:/Users/rickycantu/Desktop/CS3300Project/NetBeansProject/ScholarshipAward%20System/src/LoginWindow.java</file>
            <file>file:/Users/rickycantu/Desktop/CS3300Project/NetBeansProject/ScholarshipAward%20System/src/AddScholarshipWindow.java</file>
            <file>file:/Users/rickycantu/Desktop/CS3300Project/NetBeansProject/ScholarshipAward%20System/src/AdminMainWindow.java</file>
            <file>file:/Users/rickycantu/Desktop/CS3300Project/NetBeansProject/ScholarshipAward%20System/src/SchoolUser.java</file>
            <file>file:/Users/rickycantu/Desktop/CS3300Project/NetBeansProject/ScholarshipAward%20System/src/StudentWindow.java</file>
            <file>file:/Users/rickycantu/Desktop/CS3300Project/NetBeansProject/ScholarshipAward%20System/src/Student.java</file>
            <file>file:/Users/rickycantu/Desktop/CS3300Project/NetBeansProject/ScholarshipAward%20System/src/PreviewScholarship.java</file>
        </group>
    </open-files>
</project-private>
